{"cameraMode":{"drawMode":0,"name":"Shaded","section":"Shading Mode"},"sceneLighting":false,"audioPlay":false,"sceneViewState":{"showFog":true,"showMaterialUpdate":false,"showSkybox":false,"showFlares":true,"showImageEffects":true,"showParticleSystems":true,"showVisualEffectGraphs":true,"m_FxEnabled":true},"in2DMode":false,"pivot":{"x":3.200000047683716,"y":0.20000001788139344,"z":1.6600000858306885},"rotation":{"x":-0.19294196367263795,"y":0.7738044261932373,"z":-0.5348698496818543,"w":-0.27913230657577517},"size":1.4267939329147339,"orthographic":false}